id;class_name;line;error;erroy_type;timestamp
1;yowza questioningly likewise;25129;foam;but above whoa;2024-02-06
2;beautifully zowie sometimes;21522;lest teeming carelessly;creative repeatedly pro;2024-02-06
3;boo given apple;27090;gasoline ha lest;suction;2024-02-06
4;wisecrack;31238;anenst blah greedily;pish;2024-02-06
5;freeze;25796;than;for phooey;2024-02-05
6;gah;14805;immaculate boastfully;dependent phew troop;2024-02-06
7;standard carefully;12592;joyfully imply wholesale;fantastic;2024-02-06
8;oh target sprat;355;since lest;indeed on;2024-02-06
9;brr hopelessly;4454;algorithm brutalize useless;sympathetically pink;2024-02-05
10;since aboard;31870;athwart injustice;untidy eek disgusting;2024-02-06
