id;email;password;facebook_id;google_id;first_name;last_name;phone;birth;gender;nationality;address;state
1;Carolina_RendonPerales80@hotmail.com;lively;worker after advantage;unearth;Julio;Soliz Caraballo;925-790-008;2024-02-05;familiarity school opposite;ick ouch addle;considering zowie;DELETED
2;MariadelosAngeles21@yahoo.com;deluge plus innocent;yuck cauterize hmph;melt jaded whereas;Rodrigo;Chávez Salcido;915.356.633;2024-02-06;blowhole;gracefully;detainment;PENDING
3;MariaLuisa_GranadoQuinonez43@yahoo.com;so firm near;backtrack midst loud;supposing foreigner;Isabela;Camarillo Lira;909 050 832;2024-02-06;failing normalization versus;pungent since;psst;INACTIVE
4;Rodrigo.VenegasAranda32@yahoo.com;plaintive teaching;hilarious heat;damaged;Pedro;Botello Cepeda;978 271 681;2024-02-06;frenetically;disloyal;even through jealous;PENDING
5;Yolanda55@yahoo.com;throughout;transfuse inasmuch;verbally round;Eloisa;Saucedo Figueroa;973 470 449;2024-02-06;invasion yearly mechanically;supposing;how;DELETED
6;Eloisa43@gmail.com;cameo nor officially;variable scrummage pro;boo and;María Teresa;Meza Luevano;941-954-988;2024-02-06;blow who yahoo;into;including mmm slowly;BLOCKED
7;Juana.DuenasSalcedo56@yahoo.com;whereas instead adjoin;nourishment undelete upwardly;granular;Juan Carlos;Huerta Cortéz;942 466 590;2024-02-06;yet glue gee;yahoo;collocate without aside;ACTIVE
8;Fernando.RoybalMontero20@yahoo.com;breathalyse;rough upward;um thoughtfully obliterate;Ramiro;Cavazos Guevara;964397162;2024-02-05;whoa growling ha;hm duh hitch;judgementally meanwhile;DELETED
9;Debora98@hotmail.com;though likely;obi flawed successfully;like;Carmen;Barajas Saldaña;958469622;2024-02-06;pleasing;distant;pace boo;DELETED
10;MariaElena.LaboyMalave87@yahoo.com;nimble;not;incidentally;Raquel;Barrios Almaráz;973377474;2024-02-06;spelt given;snarl heavily;dryer elementary qua;INACTIVE
